b,theta_0,theta_0.2,theta_0.4,theta_0.6,theta_0.8,theta_1
1.000000000000000000e+00,8.568000000000001171e-01,8.568000000000001171e-01,8.568000000000001171e-01,8.568000000000001171e-01,8.568000000000001171e-01,8.568000000000001171e-01
1.100000000000000089e+00,7.154000000000000359e-01,6.650000000000000355e-01,4.335999999999999854e-01,4.393999999999999573e-01,4.393999999999999573e-01,4.393999999999999573e-01
1.199999999999999956e+00,3.835999999999999965e-01,3.688000000000000167e-01,2.119999999999999940e-01,2.214000000000000135e-01,2.214000000000000135e-01,2.214000000000000135e-01
1.300000000000000044e+00,2.099999999999999922e-01,1.098000000000000087e-01,8.299999999999999045e-02,1.049999999999999961e-01,1.049999999999999961e-01,1.049999999999999961e-01
1.399999999999999911e+00,1.110000000000000153e-01,6.859999999999999432e-02,5.160000000000000003e-02,6.079999999999999988e-02,6.079999999999999988e-02,6.079999999999999988e-02
1.500000000000000000e+00,6.919999999999999762e-02,3.880000000000000115e-02,2.520000000000000365e-02,2.219999999999999751e-02,2.219999999999999751e-02,2.219999999999999751e-02
1.600000000000000089e+00,4.039999999999999841e-02,1.960000000000000284e-02,1.920000000000000179e-02,2.100000000000000130e-02,1.980000000000000163e-02,1.980000000000000163e-02
1.700000000000000178e+00,1.779999999999999985e-02,7.400000000000000328e-03,4.400000000000000265e-03,7.200000000000000670e-03,7.200000000000000670e-03,7.200000000000000670e-03
1.800000000000000044e+00,1.060000000000000005e-02,5.600000000000000810e-03,6.199999999999999782e-03,5.000000000000000104e-03,5.000000000000000104e-03,5.000000000000000104e-03
1.899999999999999911e+00,5.199999999999998894e-03,3.799999999999999992e-03,1.000000000000000021e-03,8.000000000000000383e-04,8.000000000000000383e-04,8.000000000000000383e-04
2.000000000000000000e+00,3.599999999999999901e-03,5.999999999999999474e-04,5.999999999999999474e-04,5.999999999999999474e-04,5.999999999999999474e-04,5.999999999999999474e-04
