b,theta_0.0,theta_0.2,theta_0.4,theta_0.6,theta_0.8,theta_1.0
1.0,0.7528,0.96,0.9708,0.8996000000000001,0.9494,0.9652000000000001
1.1,0.7926000000000001,0.9638,0.7406,0.6285999999999999,0.7028,0.7166
1.2,0.5710000000000001,0.545,0.3542,0.5038,0.365,0.2974
1.3,0.2168,0.1812,0.08379999999999999,0.0934,0.036000000000000004,0.0794
1.4,0.08,0.016399999999999998,0.0,0.006,0.0,0.037000000000000005
1.5,0.0,0.0,0.0,0.0018,0.0078000000000000005,0.0078000000000000005
1.6,0.0,0.0,0.0,0.0,0.0,0.0
1.7000000000000002,0.0,0.0,0.0,0.0,0.0,0.0
1.8,0.0,0.0,0.0,0.0,0.0,0.0
1.9,0.0,0.0,0.0,0.0,0.0,0.0
2.0,0.0,0.0,0.0,0.0,0.0,0.0
