b,theta_0.0,theta_0.2,theta_0.4,theta_0.6,theta_0.8,theta_1.0
1.0,0.8791999999999999,0.9614,0.8760000000000001,0.9494,0.9196000000000001,0.8787999999999999
1.1,0.7976000000000001,0.5902000000000001,0.6986,0.7140000000000001,0.6794,0.7948
1.2,0.4456,0.3268,0.5038,0.3672000000000001,0.3218,0.521
1.3,0.1702,0.1042,0.0864,0.0296,0.11280000000000001,0.1522
1.4,0.08,0.006,0.006,0.0,0.037000000000000005,0.0
1.5,0.0,0.0,0.0018,0.0078000000000000005,0.0,0.0
1.6,0.0,0.0,0.0,0.0,0.0,0.0
1.7000000000000002,0.0,0.0,0.0,0.0,0.0,0.0
1.8,0.0,0.0,0.0,0.0,0.0,0.0
1.9,0.0,0.0,0.0,0.0,0.0,0.0
2.0,0.0,0.0,0.0,0.0,0.0,0.0
