b,theta_0.0,theta_0.2,theta_0.4,theta_0.6,theta_0.8,theta_1.0
1.0,0.8615999999999999,0.9416,0.8996000000000001,0.9494,0.9652000000000001,0.858
1.1,0.8231999999999999,0.6606000000000001,0.649,0.6698000000000001,0.6537999999999999,0.7948
1.2,0.5851999999999999,0.5720000000000001,0.43959999999999994,0.392,0.295,0.6165999999999999
1.3,0.2,0.053,0.09399999999999999,0.0668,0.0728,0.2084
1.4,0.08,0.046,0.006,0.0,0.037000000000000005,0.0
1.5,0.0,0.0,0.0018,0.0078000000000000005,0.0078000000000000005,0.0
1.6,0.0,0.0,0.0,0.0,0.0,0.0
1.7000000000000002,0.0,0.0,0.0,0.0,0.0,0.0
1.8,0.0,0.0,0.0,0.0,0.0,0.0
1.9,0.0,0.0,0.0,0.0,0.0,0.0
2.0,0.0,0.0,0.0,0.0,0.0,0.0
