b,theta_0.0,theta_0.2,theta_0.4,theta_0.6,theta_0.8,theta_1.0
1.0,0.8082,0.9234,0.9708,0.8704,0.9324000000000001,0.9786
1.1,0.867,0.905,0.7902000000000001,0.6768,0.6606000000000001,0.6468
1.2,0.5392,0.4508,0.303,0.4622,0.48200000000000004,0.2964
1.3,0.37439999999999996,0.1042,0.11620000000000001,0.0934,0.11320000000000001,0.0232
1.4,0.12,0.016399999999999998,0.0,0.006,0.0,0.037000000000000005
1.5,0.0,0.0,0.0,0.0018,0.0,0.0078000000000000005
1.6,0.0,0.0,0.0,0.0,0.0,0.0
1.7000000000000002,0.0,0.0,0.0,0.0,0.0,0.0
1.8,0.0,0.0,0.0,0.0,0.0,0.0
1.9,0.0,0.0,0.0,0.0,0.0,0.0
2.0,0.0,0.0,0.0,0.0,0.0,0.0
